"","Dealer","Parts_City","Parts_Province","Parts_City_and_Province","Parts_Postal_Code","Parts_Phone_Num","Parts_Fax_Num","F","Lang","LastName1","FistName1","LastName2","FistName2","LastName3","FistName3","LastName4","FistName4","LastName5","FistName5","LastName6","FistName6","LastName7","FistName7","LastName8","FistName8","LastName9","FistName9"
"1","01144","Kelowna             ","BC ","Kelowna             BC ","V1X 4J8","(250) 448-0990","(250) 448-0989","L","E","Paul"," Emma",,,,,,,,,,,,,,,,
"2","14097","Edmonton            ","AB ","Edmonton            AB ","T6X 0S8","(780) 989-2222","(780) 989-1101","L","E","bowman"," paula",,,,,,,,,,,,,,,,
"3","42337","Brampton            ","ON ","Brampton            ON ","L6S 5X9","(905) 494-1000","(905) 494-0999","L","E","SOUSA"," LIZ",,,,,,,,,,,,,,,,
"4","42366","Toronto             ","ON ","Toronto             ON ","M5A 2C3","(416) 603-9100","(416) 603-9102","L","E","Fan"," Joseph",,,,,,,,,,,,,,,,
